{"E":0.3,"S":5,"D":4,"DT":"F64","T":"Species","R":{"CN":[{"LB":{"V":2.0,"P":1.0000000000000004},"PT":"LT","SV":2.55,"SI":2,"LV":1},{"CN":[{"LB":{"V":1.0,"P":0.9074074074074064},"PT":"LT","SV":1.7000000000000002,"SI":3,"LV":2},{"LB":{"V":0.0,"P":0.9782608695652169},"PT":"GET","SV":1.7000000000000002,"SI":3,"LV":2}],"PT":"GET","SV":2.55,"SI":2,"LV":1}],"LV":0},"$V":1}