{"DT":"F32","T":"Species","R":{"CN":[{"LB":{"V":2.0,"P":1.0000000000000004},"PT":"LT","SV":2.449999988079071,"SI":2,"LV":1},{"CN":[{"LB":{"V":0.0,"P":0.9230769230769238},"PT":"LT","SV":1.7000000476837158,"SI":3,"LV":2},{"LB":{"V":1.0,"P":0.9583333333333339},"PT":"GET","SV":1.7000000476837158,"SI":3,"LV":2}],"PT":"GET","SV":2.449999988079071,"SI":2,"LV":1}],"LV":0}}